[
  {
    "id": "540be0f4-bd60-4e61-8cff-fdf24db1d326",
    "data": [
      {
        "text": "what to say?",
        "userDefined": false
      }
    ],
    "isTemplate": false,
    "count": 0,
    "updated": 0
  },
  {
    "id": "7721b7d8-1826-4e9e-ab26-3feb01cb9779",
    "data": [
      {
        "text": "what can i say?",
        "userDefined": false
      }
    ],
    "isTemplate": false,
    "count": 0,
    "updated": 0
  },
  {
    "id": "608a72b6-bcd7-4d52-ad46-6e16c06657fc",
    "data": [
      {
        "text": "what do i do?",
        "userDefined": false
      }
    ],
    "isTemplate": false,
    "count": 0,
    "updated": 0
  },
  {
    "id": "e391ec29-fb49-4e22-a6cd-0430d1821ca3",
    "data": [
      {
        "text": "what can i do?",
        "userDefined": false
      }
    ],
    "isTemplate": false,
    "count": 0,
    "updated": 0
  },
  {
    "id": "4ce80662-8e78-4e92-aec4-0ea30de8c462",
    "data": [
      {
        "text": "give me some help",
        "userDefined": false
      }
    ],
    "isTemplate": false,
    "count": 0,
    "updated": 0
  },
  {
    "id": "e0b8ef1f-6cad-4427-8738-e6cd186a15b7",
    "data": [
      {
        "text": "give a hint",
        "userDefined": false
      }
    ],
    "isTemplate": false,
    "count": 0,
    "updated": 0
  },
  {
    "id": "094144bd-c3c3-420e-add5-16b227f678e3",
    "data": [
      {
        "text": "how should I answer the question?",
        "userDefined": false
      }
    ],
    "isTemplate": false,
    "count": 0,
    "updated": 0
  },
  {
    "id": "fbdca15d-7c93-4aa4-b10b-e9eb7a6d675d",
    "data": [
      {
        "text": "how do I answer the question?",
        "userDefined": false
      }
    ],
    "isTemplate": false,
    "count": 0,
    "updated": 0
  },
  {
    "id": "42fb49a0-72d9-4f2d-a12c-697dee18d115",
    "data": [
      {
        "text": "what to do?",
        "userDefined": false
      }
    ],
    "isTemplate": false,
    "count": 0,
    "updated": 0
  },
  {
    "id": "2b32fa8b-0c6c-4e8c-9c92-26a25d82f741",
    "data": [
      {
        "text": "what do I say?",
        "userDefined": false
      }
    ],
    "isTemplate": false,
    "count": 0,
    "updated": 0
  },
  {
    "id": "1827689e-2702-4087-ad67-ce1d3b3b0d9c",
    "data": [
      {
        "text": "what should I do?",
        "userDefined": false
      }
    ],
    "isTemplate": false,
    "count": 1,
    "updated": 0
  },
  {
    "id": "f29c04bc-9beb-4603-9069-0a77a313f77c",
    "data": [
      {
        "text": "how do i play?",
        "userDefined": false
      }
    ],
    "isTemplate": false,
    "count": 0,
    "updated": 0
  },
  {
    "id": "ede1a4fa-6b7f-4bdc-b51b-2629662c5128",
    "data": [
      {
        "text": "please help me",
        "userDefined": false
      }
    ],
    "isTemplate": false,
    "count": 0,
    "updated": 0
  },
  {
    "id": "0d7fcc3e-55d1-4c8e-8b52-32f065547c3e",
    "data": [
      {
        "text": "I need some help",
        "userDefined": false
      }
    ],
    "isTemplate": false,
    "count": 0,
    "updated": 0
  },
  {
    "id": "857c4add-3ae9-44ae-b392-3dbe4ef08172",
    "data": [
      {
        "text": "can you help me?",
        "userDefined": false
      }
    ],
    "isTemplate": false,
    "count": 0,
    "updated": 0
  },
  {
    "id": "194260ab-4eba-4df7-8b7a-cc422d13169d",
    "data": [
      {
        "text": "i don\u0027t understand",
        "userDefined": false
      }
    ],
    "isTemplate": false,
    "count": 0,
    "updated": 0
  },
  {
    "id": "e3ba043b-e725-4c66-a3c5-997e7bf26909",
    "data": [
      {
        "text": "help me",
        "userDefined": false
      }
    ],
    "isTemplate": false,
    "count": 0,
    "updated": 0
  },
  {
    "id": "0e04b5f4-8616-497c-a0d6-3d0393b43bbb",
    "data": [
      {
        "text": "help",
        "userDefined": false
      }
    ],
    "isTemplate": false,
    "count": 0,
    "updated": 0
  }
]