[
  {
    "id": "d83babf8-9aab-4f93-876c-f8355c8e50c0",
    "data": [
      {
        "text": "that\u0027s all",
        "userDefined": false
      }
    ],
    "isTemplate": false,
    "count": 0,
    "updated": 1497089077
  },
  {
    "id": "06648614-b0d7-4daa-9e4f-cd122037ea04",
    "data": [
      {
        "text": "no",
        "userDefined": false
      }
    ],
    "isTemplate": false,
    "count": 0,
    "updated": 1497089077
  },
  {
    "id": "904aae18-4427-4536-b0ca-8a62822086b6",
    "data": [
      {
        "text": "bye bye",
        "userDefined": false
      }
    ],
    "isTemplate": false,
    "count": 0,
    "updated": 1497085928
  },
  {
    "id": "c01a404e-68a7-4b00-a309-b7898c5b88d0",
    "data": [
      {
        "text": "I have to go",
        "userDefined": false
      }
    ],
    "isTemplate": false,
    "count": 0,
    "updated": 0
  },
  {
    "id": "fe2a1038-ad4c-4b01-bd87-e63008703e94",
    "data": [
      {
        "text": "Let\u0027s talk later",
        "userDefined": false
      }
    ],
    "isTemplate": false,
    "count": 0,
    "updated": 0
  },
  {
    "id": "1f5efae1-d0aa-45b6-b930-616e456a1183",
    "data": [
      {
        "text": "Ok, thanks.",
        "userDefined": false
      }
    ],
    "isTemplate": false,
    "count": 0,
    "updated": 0
  },
  {
    "id": "c68aebb4-3da8-436f-aae9-fc91846d5d94",
    "data": [
      {
        "text": "I\u0027m done",
        "userDefined": false
      }
    ],
    "isTemplate": false,
    "count": 0,
    "updated": 0
  },
  {
    "id": "61ef07f2-d086-4fb6-b117-c6d0a91b06ad",
    "data": [
      {
        "text": "end",
        "userDefined": false
      }
    ],
    "isTemplate": false,
    "count": 1,
    "updated": 0
  },
  {
    "id": "053493ed-9260-4a71-84dc-653b45f68864",
    "data": [
      {
        "text": "stop",
        "userDefined": false
      }
    ],
    "isTemplate": false,
    "count": 1,
    "updated": 0
  },
  {
    "id": "97e0c253-0feb-4b85-a793-1884013bb774",
    "data": [
      {
        "text": "turn off",
        "userDefined": false
      }
    ],
    "isTemplate": false,
    "count": 0,
    "updated": 0
  },
  {
    "id": "0cd9e2af-416a-4460-a6bf-233e78913abc",
    "data": [
      {
        "text": "terminate",
        "userDefined": false
      }
    ],
    "isTemplate": false,
    "count": 0,
    "updated": 0
  },
  {
    "id": "4c24d884-6964-4559-abe7-c61e8ed5c416",
    "data": [
      {
        "text": "shut up",
        "userDefined": false
      }
    ],
    "isTemplate": false,
    "count": 0,
    "updated": 0
  },
  {
    "id": "0923c928-4f69-4141-9764-1a0d4eb22441",
    "data": [
      {
        "text": "quit",
        "userDefined": false
      }
    ],
    "isTemplate": false,
    "count": 0,
    "updated": 0
  },
  {
    "id": "1745bf90-f1a5-430f-a48f-6a255da4534a",
    "data": [
      {
        "text": "kill",
        "userDefined": false
      }
    ],
    "isTemplate": false,
    "count": 0,
    "updated": 0
  },
  {
    "id": "25fff6a2-9a5b-424c-92aa-05e8fc5a6afe",
    "data": [
      {
        "text": "finish",
        "userDefined": false
      }
    ],
    "isTemplate": false,
    "count": 0,
    "updated": 0
  },
  {
    "id": "c8b05ffd-2f91-4b3a-a469-a5fe8c7c4564",
    "data": [
      {
        "text": "exit",
        "userDefined": false
      }
    ],
    "isTemplate": false,
    "count": 0,
    "updated": 0
  },
  {
    "id": "bd5c3cac-163b-49e2-9dec-47087761789d",
    "data": [
      {
        "text": "close",
        "userDefined": false
      }
    ],
    "isTemplate": false,
    "count": 0,
    "updated": 0
  },
  {
    "id": "58e28a6d-ed33-43fc-8251-d3dd1b7814c7",
    "data": [
      {
        "text": "let\u0027s stop here",
        "userDefined": false
      }
    ],
    "isTemplate": false,
    "count": 0,
    "updated": 0
  },
  {
    "id": "ffeec808-045b-46c6-a8d1-d181d1117384",
    "data": [
      {
        "text": "cancel",
        "userDefined": false
      }
    ],
    "isTemplate": false,
    "count": 1,
    "updated": 0
  },
  {
    "id": "bad46636-ae39-4d95-98fe-5a6f835d4321",
    "data": [
      {
        "text": "it\u0027s over",
        "userDefined": false
      }
    ],
    "isTemplate": false,
    "count": 0,
    "updated": 0
  },
  {
    "id": "ab6c21b1-3589-4be7-95d1-91cd40a0c65b",
    "data": [
      {
        "text": "i give up",
        "userDefined": false
      }
    ],
    "isTemplate": false,
    "count": 0,
    "updated": 0
  },
  {
    "id": "b9e6814e-037b-49b8-acd4-1b38f27170b6",
    "data": [
      {
        "text": "I quit",
        "userDefined": false
      }
    ],
    "isTemplate": false,
    "count": 0,
    "updated": 0
  }
]